src/audio/core/AudioRecordingStateMachine.ts,89b0a4d27f46036dd76abd885521460f0ae45403912774a3d6b31175daf0fd46
src/audio/core/RecorderController.ts,8584a37cef510318233964a39ff4561e5fcb1c85d56d57439a748e2d0e2e4c79
src/audio/core/SilenceDetector.ts,4d5e787fe3909ab8f16b1ae1d01974472b1d74dc7618f3752252595ddfd5b87b
src/audio/processing/WavHeaderBuilder.ts,0b7b95cff9569d3ee94a7bf4185135de60a16ebd055eb78a16cc846153b02462
src/audio/processing/PCMAssembler.ts,b3309d86a97d9e63c368978d82f44f8fd6727024c89cfb822ec7bde30ae2ce5d
src/audio/processing/SampleRateConverter.ts,c91900b85f127049b9484500955e20e981c9a178f53c907253316810ddc9ad9c
src/audio/processing/AudioMetadata.ts,b83eaef3520f159c84af5d85c4069c8c12cc72b8a01dfdad7dc98d214a5fd9c5
src/audio/processing/NoiseGate.ts,efd2e6245b1577269d8c784587d261c5035738bc0373cd993954073f5689a2a1
src/audio/chunks/ChunkSplitter.ts,17b0ef670672a6dd526645b249cc26bfbce4f446f3da972df2d28ed22586c9b6
src/audio/chunks/RollingBuffer.ts,1cc893ebc15de6e3cbb3ffad8c33467a4d110b8112330872c27fae1af4bba508
src/audio/chunks/ChunkRegistry.ts,1bbbc005aad59ea9b3e7c4725a09e75a57471abf9b05bf2cdc77aeeb088e16fd
src/audio/chunks/AutoFlushController.ts,31dd52da0b3cbee619c4898290ba777beddbc7c0788d8046ba7c06a2093d961a
src/audio/chunks/ChunkErrorRecovery.ts,41abc7d94eb49b79970142bb15dcda1b7981cdb4d4a6bc277003a284f3c76fae
src/audio/storage/AudioDB.ts,a3aa2572f9241749f1725c973e1d8ddec8a948b0dfe356f219755a37df2aba5a
src/audio/storage/AudioStoreController.ts,b5691a2a3b11372ca113fa102818542c97986890acae2e8486d22605c6e97686
src/audio/sync/BackgroundSyncAudioWorker.ts,772d3846e9eebb34951590dbb145e4a5513b4e2a9fe36b60de9f7ec10e277029
src/audio/sync/ChunkUploadService.ts,a016bf3fcb1a3aec83ab700a2c7ce8856f420553bbbcf87eabdd6491d94f79b3
src/audio/sync/ExponentialBackoff.ts,d58108033f01e172ec8db09adbfbc128400b2f45d11cd66d13788ad4e2482556
src/audio/sync/SyncStateReporter.ts,6c6bb9fdfe3d398bbc193254f90793162468416f616433f0eed2089b7e162401
src/audio/sync/SWIntegrationNote.md,420c18a0d59c3038014d849ee7b82cce9a06a04dff2dbc96694338c6efde8122
src/offline/txlog/TxLogDB.ts,c4d3a5ec5c6ea150815c896b5466b71e2ae951715ebe0e878a0c8370077c0e35
src/offline/txlog/TxLogModel.ts,4035319d0cb05d24ade58ddcf3d9ff9d18a114ce40494d7b3e1b3bec4cdef50f
src/offline/txlog/TxLogController.ts,e04a1663a03511b9f70e42ca56bc95f851ec937ae402bcb6dc9963b132425acf
src/offline/delta/DeltaModel.ts,c3ae212211662c34d7c0612157ffaad86e438b36ef90504d9ef45734537336c0
src/offline/delta/DeltaEngine.ts,15eb3068a93ba4ebccccfa1f6f782734f851c6798b6c44524771e5b62ccfde66
src/offline/delta/DeltaCoordinator.ts,287d0663b1360137e03a2a33b5bf5e1ebe48c0aa66eeec78fe51b625b9b9f858
src/offline/conflict/ConflictResolverV2.ts,81f2e34a43e532ef1c6e51639f7a8bdc8f31e130c14362909d010e576afaa776
src/offline/conflict/ConflictPolicy.ts,7b65478bd5da2ff8abebeacbec880f68194f0fadbec791d330cc23769e99281a
src/offline/conflict/ConflictCoordinator.ts,99fe4bd75d3df8b8f3b6f9cbc401eb24510da461a67bfd9f77fbd10fdfb51523
src/offline/background/BackgroundSyncController.ts,c4a56825f33d85bacf0614263093853371020e4de481d2ea4796ee8afe6a4de7
src/offline/background/BackgroundSyncScheduler.ts,170a260d9d0e424e8c266f2dac778084a5d8ff8d5577c5ed3e1cc05fb78005d7
src/offline/background/BackgroundSyncTypes.ts,ead056a8a2345cee0eaa57646341f64e99cf2b54462116f3aebf0524fb53f46a
src/pwa/service-worker.js,7910837f7cbd9335d8699bcc98d15aff49f4d0e3c7b217d488a8d4208d1a6f42
src/pwa/InstallPromptController.ts,e33f151e8f17138a6709080b853953afa8ea19c094596af2af35c7249067cb3c
src/pwa/service-worker-update.js,5833e95e770750a5740b65c4c39511cf8d302654e1eed8c8022fee9f6e3f1796
src/pwa/install/InstallPromptController.ts,607260edde3dd37f7ec6d642206e8e00fef75953e64393623d49494be048e0b9
src/pwa/install/InstallPromptUIBridge.ts,54aa5ffb83080674bda44b9956b6a5927154e3ce8b812a2318c5d9a3d2cf9488
src/pwa/install/InstallPromptTypes.ts,61d395ec2459bc04818a8182e91508cfc8de42e8cb288a7e5616e55a24c0a12f
src/pwa/device/DeviceCapabilities.ts,533400b6c06df55550e736b1ed11526b4ed585f06a14d1142ee709c0e9d0433a
src/pwa/device/DeviceCapabilityFlags.ts,1e47c46e251a04baf811be2d9342afbff268d7285e5048f1b41f5bae9233da51
src/pwa/device/DeviceCapabilityController.ts,e92837e862f507bf8f105d33df7e76cfb26ac540dcf24e6fb4d54958c95e3212
src/pwa/network/NetworkHeuristics.ts,25499a6ddee9fc73d7913d56112f417bfd42f2792053cb031551f2a9016cacdb
src/pwa/network/NetworkEvents.ts,6ceb600d4ddc77b540a57da51ffdd9540e5eb25023f3294aa0ba7982c4268536
src/pwa/network/NetworkController.ts,ec129a00c3c50c3332ef8782a919e6e6a225d49db44dc5ddb0172da77c1356a2
src/pwa/resource/ResourceMonitor.ts,46f5ec69b45ca3f0498aaff90c723479a9616f9bf8d143f5b8ee1eba5bc1d7f7
src/pwa/resource/ResourceEvents.ts,6a1021e3df6a8382b95b883453211fac7eb384f912a41ad36e47e5b00282dc2f
src/pwa/resource/ResourceController.ts,b73cc5d704c760125dc9caa8039a97346c3323afa1caacd1955eff1274daac71
src/pwa/lifecycle/LifecycleObserver.ts,e0fc03cb9e60e2a2d33f5951ff46675f48fad1ce42d340b8ac5695d238730817
src/pwa/lifecycle/LifecycleController.ts,5cdef861ed7ec5e76fcf5943a4db7f27352c573b26eec4002958fac5f2ef1bb7
src/pwa/lifecycle/LifecycleTypes.ts,2b458448376519c06b392c770d7d79b67af9428cd34260f9217e6f0b53c72ccc
src/pwa/multitab/MultiTabChannel.ts,224ada7b70f468aff3ccc199c1bc744eac5168ae2e48cbaaf61add23a31f703b
src/pwa/multitab/MultiTabCoordinator.ts,7c206573adbe8f566f1b87685280612e4f7b8fc6282420335fe2bb98c5700053
src/pwa/multitab/MultiTabTypes.ts,bdbe6cdfc6c269cef2a315bc888052fbbf09feaef431e555e9c62c54ebfdb290
src/runtime/RuntimeKernel.ts,ac8289245c7ceab70df468eab952fe34d8677b9d78705c23ddefc3695db72537
src/runtime/RuntimeContext.tsx,e291c9230b61f3c22a801c8e21c1a47b260b8efa82ef29555a1380ea20ff5584
src/runtime/useRuntime.ts,825ba704d86c37f7353568bcbf9716602fff30fde38687fe899b84d73d26266f
src/runtime/bootstrapRuntime.ts,e31b28fdb24eb10acc7ac5c95c8b0d3938d395db1c5eb95311df7b5fb8fcd6f9
src/runtime/RuntimeRecovery.ts,78fddb9f788fbcba62e4f4e25e65ebb6f182c026a7bfec78cbee82d3730b47b8
src/runtime/tests/RuntimeKernel.test.ts,80c7bd8ad2a9b145a4e8c5a092871e26dc94e6ff904e66deb6ef80d771c80c9b
src/runtime/tests/ContextInitialization.test.tsx,07f4e45e40a85d4718e68f16d7e57da7c48179b54bad6b4e77e744198016917c
src/runtime/tests/UseRuntime.test.ts,5e96e4407efbd240ee28eb9ef2f01e816b843d5e07925c6de9142f043dda18e2
src/runtime/chunks/ChunkStore.ts,7c92aef452c7624c6432d7bc6fb3d651f307c32b367cebe3e437d81509324ca5
src/runtime/metadata/MetadataShadowCache.ts,49f53560a2da644c4bf1618acd973324bd6fa4195ac0ced0d4839c410999a765
src/runtime/messaging/SWMessagingBridge.ts,809bccea47ceb869ee0a239a1b6fa9a20583cec34e90fbf2748adc5a4a87821f
src/runtime/cloud/CloudAuth.ts,db3689dc38f0cf0c43c51643e3f2199271f8f422de43f0bc2b48be494da8f1e3
src/runtime/cloud/CloudDB.ts,72b3b7368b797f1da5dd76cc1c1b6033b52386558e3d24167e70b7a15a075cd9
src/runtime/cloud/CloudFunctions.ts,820971c28bd50379a5751bc24c22065431390ea55ec6dc4016180e92de45ce94
src/runtime/kernel/RuntimeKernel.ts,24448c621b82049c6027c57eb696c99bfe58f35d9df49919ee04a188053062da
src/runtime/upload/UploadEngine.ts,9ce0465f047731dc09c0f1ffe178c37c0c0a0380cdd4a74b9a75388470ee9613
src/runtime/upload/UploadQueue.ts,45a2b15c005aefd21a4cb53ef123563f2313559384deabf1abdb4da442092a86
src/runtime/upload/NetworkAwareUploadSystem.ts,a31d69556709ac22d830c283a375a901cb6bc1e1f25923b20068019a64caf4d5
src/runtime/ai/AIPipeline.ts,4e5c214c6e2d63f28f0a60781dbe245216469aaed5ff5ad3ab5b35813bc94466
src/runtime/ai/AIResultIntegrator.ts,66087bea09b8c7ed3591a8f071c5de8e429161733f1b4d9a50a8c385951fdad4
src/runtime/ai/AIStatusStream.ts,0d662b37bf3fcb0f896dec125c86ac669cca5320f78f01c9b5a793a6f8a7c7c0
src/runtime/ai/AIErrorHandler.ts,40ccc50a482b5abba55b5f7d129f73d373791ea4da9b5a28b9105197ea3b3898
src/runtime/ai/AIResultCache.ts,68d81c37451a7a161806bf9dd56bc7bfa3164922fb4b711564ae02a8f2292070
src/runtime/session/SessionManager.ts,e5abc5e1081039652a425fb7c37e231b1192279e4eb8a8152a3e69d9d515c9c0
src/runtime/settings/UserSettingsLoader.ts,e8e371bb512132630b7efbea4d3588791ed9ad1859b1439d1aaad013ee68c9db
src/runtime/notifications/NotificationManager.ts,edbeb3d7e345cdfa9ee48d9c492dc0ed1c41b877416a72b5603e282ef5af4de9
src/runtime/pwa/InstallPromptController.ts,fe4a9ba0c3fa488c2b08cd9e937d85de8f3242dd0b859278502d03bb011eb1a3
src/app/AppShell.tsx,d2739f2e481fd5aff954865c268a82d257b927a23a0f2d0ccb91f872089e4682
src/app/DreamdropApp.ts,5b41fd20ef15da21f55241e7e440e18b6f5c97a9d3682b15ca64f0169c5fcc25
src/app/bootstrap.ts,491a14490a2ff99af1154b3c2a4870bafc168b5da8acb6267dfe3bed223bd38d
src/app/routes/Router.tsx,7a9e67f080c808afdc9d34fbb56c82b9272771de1d118d6e868a8b6e900eedeb
src/app/routes/screens/Home.tsx,59e2f3053e2f389bd4c8d7c552bc513afd766e4fba0d9c728a087d3e44bf56b1
src/app/routes/screens/Recorder.tsx,789f1988e55561fb90b9f9422defb4b45448ddc18c51128d4a663cfea3b9edfe
src/app/routes/screens/Offline.tsx,ca14efdf8c3a55fefd086e99b38e1d9489bff1460ec510bd4b955b4c344b3eb5
src/app/routes/screens/LowBattery.tsx,f4cdb1c74ad908f115bc336b66ad2215504e353e46b008180e434b3a39524aee
src/app/routes/screens/LowMemory.tsx,a2e33a77a4d49eec38eb5ae431be2fa73ffc9c692c6845d883170cbc35bfd7f0
src/app/recorder/RecorderBindings.ts,207e8a90b63e6cf3d8b26ca6068c5ac5968f59e5bde1af400352976722e2a20f
src/app/recorder/RecorderScreen.tsx,84953c0e72e4a13d5d7b31db19911ae0a6564e8fef2cdd67ac1f7d13982cc610
src/app/sync/useOfflineSync.ts,5e1c53a71bcb7ea983583da3be9e3a4c60b40277a86ec9a301a1b6875d849837
src/app/sync/SyncIndicator.tsx,90872ab70d63826f8c1b345920c7429fad39e5ce15208fff21697ee54216b933
src/app/fallback/FallbackManager.ts,765705b6681b15d20bce7711a6c3654bcce7093f3adaf80550500a2e98c14667
src/app/fallback/FallbackOverlay.tsx,9a824d6510ee2cf2a188a3a3e08f6384f403550645f57f6b05978ab3f429610b
src/app/locks/RecorderLock.ts,ab91316d573235481ab7afbb99d9799684b765c08461cb09062bfeeba0dd2333
src/app/locks/RecorderLockBanner.tsx,7680dd35f634d17f2df61603937ab424c542cb18d185e284527b08ec74d88533
src/ui/ai/AIUIBinding.ts,3cc90c2de85bb810119ee5550053b4c3255d5ea43544e55902fa13baab28acbd
src/ui/ai/TranscriptRenderer.ts,da639db0871a0f215fb94fba81980449a4fe8e2eda7f749c0e023cbed3ad51ce
src/ui/ai/VisualResultRenderer.ts,e3419d1a5d50c9c5a264d04b618dd9cef862106b5109bc08803ecd4b9191f261
src/ui/ai/SummaryRenderer.ts,eef681c929b9349f7592428201b7faf44f4e4997daa2085b53f46a70c28528da
src/ui/ai/EmotionTagRenderer.ts,ac5866b0b088f224efb306f42cdc6f41f53f01e094b8e7845c111374650b3f8c
src/ui/ai/DreamDetailBinder.ts,f51abe467ed544a61984b6e6d054c7cda717f8d7c9d69bf88cad3e3d8b00366b
src/ui/feed/DreamFeedRenderer.ts,e8dc046ec7a47b6ed4ffc1e5e5acf5c1fdfbfae94f52c5c6bc3a93e58c3e79dc
src/ui/navigation/FeedDetailNavigator.ts,943bac4a8ccd796dc5d25a6a7615837e8232a7d6325499ea3ae5211920c939e7
src/ui/navigation/NavigationState.ts,d6e83470ea6a443d87113a2fbad5b24b2a8d46b9d658cd3522e5fd8ee7803b3a
src/ui/appshell/ViewportController.ts,fa5c9b7e12ca84f6bdabe0e178e0b9d79db53d57985e5ee5712f46ddb8ee153e
src/ui/appshell/ViewportNetworkExtension.ts,58e5c645dbd0e8460400cbc7926a4743a98cecb145c70e43a6fbad1bea177d09
src/ui/errors/AIErrorBoundary.ts,db8256245e45b8cb1e5a411836042db60119fc099e12938a91b6e157259bb4f2
src/ui/network/NetworkMonitor.ts,39fb127dc033274e6a1f0325f7a5ebc1f122ed520d66750b2b4a4ec8c3072fd1
src/ui/network/NetworkBanner.ts,822d7d5539825d6a6a6bd812f4593d91f4bad5e43788dcf10d393a91d7819784
src/ui/sw/UpdateBanner.ts,c564d0bf650620f8b8c7e36f24d9052aeacbdbc3901094b10cc3730f5c09eea0
src/ui/auth/LoginScreen.ts,1514d415295119eadc89f97b8b1479db03214358a0b5d6b5053a384804b4d8d8
src/ui/auth/SignupScreen.ts,eb2b47972120c1830d0108315fe43d58899b0f26bf222dbf1124e75df97a6a40
src/ui/auth/ResetScreen.ts,5cca7650522f0133d67abfb8fe3191d5089a0f58d6f7cadbba33ec418de901be
src/ui/auth/GoogleOAuth.ts,33d562012f23eb0f0a4c60165c55aa0d4a6ffd10bada51584f0b0e83ad5eb189
src/ui/auth/OAuthPage.ts,f274dc40c348b667cdda73db84e13b400d6c4b06824eee3c744f422a7492a18e
src/ui/auth/LoginPage.ts,3ddba288e97974920b57fc62055b71d2b0eeb58535a043c8465323eedb49264b
src/ui/auth/SignupPage.ts,7b3b3a7e5794eec0ccccb77299161a2f7bfb625f8337baeb2d695ef1e5153a73
src/ui/settings/SettingsPanel.ts,3e3c66ac2a2dbe50176cae10601792a1a7e09b03d0e02768bb403b4a3e034226
src/ui/settings/NotificationSettingsPanel.ts,bb6c3ba900fadb2bbead9c292eecec622170e342a0fe03f54add08b26d953fac
src/ui/settings/InstallSettingsPanel.ts,32e39cd9a460bc3ab1c4910c510d034b60db5601c17595da83a82670664dd2c4
src/ui/dreams/feed/DreamFeed.ts,1ecf3220e1e9d8537a3df125226221301695d5b8fcaf5dd84ce5604e434085f5
src/ui/dreams/detail/DreamDetail.ts,5db0184735094bc26bcabdd5d3bd111254f351533d78c53e70663cfa55949539
src/ui/dreams/edit/DreamEdit.ts,d6d669ac21d9863d44d2c94c1fc4cd215137b35cb06b63e224418586832ef206
src/ui/dreams/filters/SearchBar.ts,760ea0723db46971adb66e31791a55ef6e667a371a1735e5015e749411ac114e
src/ui/dreams/filters/SortBar.ts,fd51b2b02af133e165a4c4cb44b990a8b17a981368f483dc384e5c5cd1672a77
src/ui/dreams/filters/StatusFilter.ts,222362065331cf8a4c89258307cde5ea029a15172d48db127d39860cc83c8439
src/ui/dreams/filters/FavoriteFilter.ts,7f029e488adada383c3767defd5b5eb26cf1edd7ae49907479f03ce035a4217c
src/ui/dreams/favorite/FavoriteToggle.ts,099cddf7dd6c309862b78bc722c3fcccd075d038fc3d764dc74b2034f9a389cc
src/ui/dreams/bulk/BulkSelectionState.ts,e869b0404a5d186d246062525ebd1f1d0830dd077f9b898c6a93f35a08b3b2cd
src/ui/dreams/bulk/BulkActionsPanel.ts,de57345434730b15028f9a7ef3c1344eefee176c22641c8e34b3e0b836a98791
src/ui/dreams/bulk/BulkSelectToolbar.ts,44efae9fb52d547185443389795dd6427204254738d45759ae017d2f2d68d8b2
src/ui/dreams/gestures/LongPressMultiSelect.ts,885437144aaa8d8a174c5bce09d8a4dc4395637ccf716e25960083b373e73f64
src/ui/dreams/gestures/SwipeActions.ts,1cc98817973c9251e1bcc68a71be93d0cdcd8b85dbc1ca66f50f5454bf666783
src/ui/dreams/share/ShareModule.ts,26595b45b220974d6ba9b3641ec8b6e1e4a619235907d7a1ae43d3dbbbcb3342
src/ui/dreams/reactions/ReactionModule.ts,edd12ed6fa8b19473b1bf0a2c23921cf55b45300c74136173a17f331de318858
src/ui/dreams/comments/CommentModule.ts,74f93886dd17054b97d05a95beb36af6738de35b95cbc72c8c7c11abea591b87
src/ui/profile/ProfilePage.ts,14121cb620688729589e795af3be6001ab4e7a72022b6c91d319ee6b437ee14d
src/ui/profile/AvatarUpload.ts,5cc420cc50e312af9e94afc822a128a7d7b550aebf3db357327ee401f12aca26
src/ui/profile/SettingsModule.ts,ff9e4710e03c92b8e78834a2058254a39fe44c157b2083d66d0559fad2f48e2b
src/ui/profile/SettingsPage.ts,4bdf2c0a41099bc7b48efb22d9a34044270a84517c0d6ea0227ebaba958dd5a3
src/ui/profile/NotificationSettingsModule.ts,62f8fae398bfb33e4c2c26345d103793ab1a36ca53de8467097c2efcdbfee44d
src/ui/profile/NotificationSettingsPage.ts,1fa6f8431dc7615b15c26957f0cc6f75ed72dc5b327111650499e7c496287ec8
src/ui/onboarding/OnboardingPage.ts,c5553e6de55d7f6a9522328fea3fc785931bcce7d1e5c3d4c21d0ba1511ebc1e
src/ui/editor/DreamEditorV2.ts,e7c9007e2667ec242a4435f4077d06de6a2b1e26f65efc32c51abed22d41a22c
src/ui/editor/RichTextToolbar.ts,d91a2c8050ca3157c0134036803b1f52c7318e4553bcaa43b3dddadf1fd316a0
src/styles/tokens.css,800bdaaf06626d1931b9f7bcd3678dfca63e3bde2a6d86644baaa4ac1187b56e
src/styles/global.css,b2df7f66a09b62b78d185986fade400f7958a3d484be7c5b13d16ebab530191d
src/styles/reset.css,ec100fd4ecfa2c494bdd4580103436acc400c0970859084e5d77628a9a76fe38
src/styles/layout.css,d65d21678b83af5fb7aa0a0eb3c81b3a2235b39ee87ebd8597e8d3c6539d261e
src/styles/components/feed.css,399feb13c22b3fcbee74addd3c09c8fcd6f89c1c257fff623a95050856859243
src/styles/components/detail.css,fd4d2f988294c395c258f93ee16a5a32a2575cad5701e512ca6b69019e8b7358
src/styles/components/skeleton.css,52317ee4efb0c04ac5738a3be82c274277c1f6ba632d9b27449f49a7b9e9341c
src/styles/components/gestures.css,0a2c37756af19fd95714a3fb7d63b708be1562d9b4ced36f2feaf64a2f4e999b
src/styles/components/error.css,67486ec4d268a878e59fb9ddb6d27e21bc465f118a893290d850cd4f3bf3a830
src/styles/components/network.css,1962295c425b191008b5f2b2f4b1b4d71e82af9b64cf0c451767b0a0aec1c80f
src/styles/components/update.css,690fb30f91278512bd676692824f79b14f32ca9e216e921a3229588b4a93d295
src/styles/components/network-anim.css,93d33c3cb520407dff8b24ee457474cd87e2435ed857d28c348b1c3550bae25f
src/styles/components/auth.css,538070d1b8b0dd875072fa5c58cc937f1caeecb9445834d77f45e3901d6c1be8
src/styles/components/oauth.css,9597fe037c8540caff13b02bc0ee6f0088970afbd9cf00e3c3d0a62c30b4790c
src/styles/components/settings.css,f47721dcd19c0185cfbd05e6577a3930f9b2f3543a6ea1cd61225e8a3a21267b
src/styles/components/notification_settings.css,f4267fb2298528020c074132161d71dbfcd406a93e34fbf7000696470767eb04
src/styles/components/install_settings.css,2321abaa73225c83c0dab3dfd68e5d1651a5eb90cb54cf7ee84ce00837d420fd
src/styles/components/dream_management.css,154e22aa3b63bfd37b0ce512f41ec54e161fe5e288bbc8cfbda12d5349e35909
src/styles/components/feed_filters.css,1d540e03af118ee2ca66ad9a7d2ca7b4320c6edbcd4834f1d4a6e3d869fee6f3
src/styles/components/favorite.css,71f180db3f03b1d9cb0ddf82d60ad1550c13885408a209ac81d21de083c1c8b7
src/styles/components/bulk.css,1fc2b321653181aeaf8f115560a92a901e78cf383b13cbba5548f31d5fbe03a8
src/styles/components/bulk_toolbar.css,d1ca607ee1f02c45891ac4aa736ce79d367932ae8752133705680974c53a7659
src/styles/components/bulk_highlight.css,5ac67d6f6ed6318fdb307e277983c91959dbf9d9f86717bd245668960ad27644
src/styles/components/gesture_select.css,f4a9837feaf320aea63c7d60073ab1d239b5cb405ce0e3c347430743200b8015
src/styles/components/swipe_actions.css,4dcbb0a088feaf4e1a65c1c477bea80b7fa98b41972f021cad58c30aeb636800
src/styles/components/share_button.css,ec84852c7ffd7b3eaf7c15bf99b5d2d45d400ef47807395e65cd5c545051dda6
src/styles/components/reactions.css,b260a22c90e533b9bb3f8e11a0545b4dc993dd205add47a8bcdf66a59aa8819a
src/styles/components/reaction_mini.css,363fc47dc07b8d396f1f060b8b394a676d28054d801aa24085f84fff0ff6d639
src/styles/components/comments.css,85f2132bdf89e8145eee372e91a486e004ddf8abb54ee1d4ca8873862d2ad009
src/styles/components/profile.css,d3c4944c49df81972c43e12bb2037b0a079dad7b2e4da2a0639d0bcafa09debf
src/styles/components/profile_avatar.css,12e3c6ef1c96f10446b279c78290e6ebf1b16b3485d460194d944a6e13321c28
src/styles/components/onboarding.css,8c2c94b493f9cd38a176d8788ae3c113b77c44a7a7511aff0dc2afa2eead9f9b
src/styles/components/editor_v2.css,5cdd892633bbe476ce0c17e18da688a0a958c06eff386336ee1ee35dba9aabf0
src/styles/components/richtext.css,1b856802eb3176d3d95dea2bd4ee0c476cf4370fb543fc44449c855eb6c8a759
src/sync/conflict/ConflictResolverV3.ts,61bc65b394e16005a6342227fd09618df389250bd7425eda972a804c4de2778e
src/sync/pipeline/UnifiedSyncPipeline.ts,60059f36d511a9f095a00338e649f2d8b7ea53a3c27c986a475ae88f8e409d81
src/i18n/nl.json,4dc345af36e410d9144128e0f8e36da64d5e0632b9a3d8b040f3f50806cd77b1
src/i18n/en.json,781e77be6ab47e712760c3f6d372f48d94c633c472a4e1e939cc03143ea83016
src/i18n/de.json,efe3ada275ec2985e28b90d96a73a2989af8d4866842976896e550a92a646324
src/i18n/I18N.ts,156c0fa61f87f07212e37ce6c63e553d172af528ce231165df63eb062f6b326c
src/state/FeedFilterState.ts,5304110740f1ee54c88ada2de945a6d050d1d6db3a017aa4805d52f7ce16383d
src/core/AuthSessionController.ts,e525822361cd31e8e22ebbced4cc8e96e2e233fd1185851acf1dda0329a5c319
src/core/OnboardingState.ts,fb35e33e5b4783811dc01ca651b3c8d58087cb40bde6555f593272d804fedbce
src/core/OnboardingController.ts,45094eb3daebf451a99490faa1b8ff79a820ffd9be8aae61ec13c80aff8ab271
src/core/router/AuthGuard.ts,94f8420c0355e209d33d74d4076b9aeacae293ee4a6ab4d168be5a594f76ec05
public/service-worker.js,eb0573b1856802723679853231903850c2b1e48e69f3f40adb3ea61cd9ab6428
public/manifest.json,d4075ff982115fa66ebc4e772b5108f45cf574987251e4d3041b1125dbbec39b
public/index.html,01a8d183509d9446788f59084d6da50976b03e601e41f24bedff9f9b7cb514b5
public/offline.html,dde31bd4066c9fcd4aadf8eece73c514dbde60f99285c3d9140e70fa858e828d
public/icons/icon-192.png,59b0bec039981f0a15fdc382001c8d3f80d9f72b92d30799711132eb6dba9669
public/icons/icon-512.png,59b0bec039981f0a15fdc382001c8d3f80d9f72b92d30799711132eb6dba9669
supabase/schema/schema.sql,3618ebd3d2236fb3ea6d9d933f2d9ed3a9827f1b0999b5466908ebbb54bc656e
supabase/policies/policies.sql,9e2e96f7afabc09862e31b9cf27b878ab62d622f7efbd4f2e706bbc9622280f7
src/ai/rewrite/RewriteEngine.ts,2ab007f34d0303390e333b2c8d1f1eb0bfe45820dcca2938b89b0e21af1de427
src/ai/rewrite/RewriteAPI.ts,a8d2bfb25cadc58d52af6471f98346d85e9bc3c2e810cee469be5566b2aaa6ff
src/ai/autocomplete/AutocompleteEngine.ts,4158f00ab99e370f19eb85b0b5a2334810eefb06aeb3049b570c31c211b7beec
src/ai/autocomplete/AutocompleteAPI.ts,66687ec6decb3e663a2253335d1ab0009933a0676b2c3b81fbdeb11a368c4399
src/ai/rewrite/RewriteOrchestrator.ts,d89bcf97fd983ba2f7469482a5d1f74948519228ffdcc09fd74f551a7880edea
src/ai/rewrite/index.ts,b442cea3bbdd5df9f9af69c99464f566fa8a409b421eb913f39907991eede5c8
src/ai/runtime/AISuggestionRuntime.ts,2fce45d9221d3faf5d52a83f5d5fee105a1777803d516b4ad6db909cc51537a3
src/ai/runtime/AISuggestionState.ts,e061634bdef2ba784f098963d889a151e18f12fa0acc265ee80e9e5b9b2b1225
src/ai/runtime/AISuggestionEvents.ts,e7ea5800804ae4d0e34499d0796f8e1a18103717671aa0127c220b7b73d990ee
src/ai/runtime/index.ts,32e1fc3b96d54ca5990ddda476ae087b389731ee1969eebc1f8110a24c1faf86
src/ai/image/ImageGenerationEngine.ts,b377fefa52667bca9e72d9643ab18e69820884d20035d36830a7a40c52ba6f3f
src/ai/image/ImageGenerationAPI.ts,eecad88f1e321d462d5836b75b3d1b3b43ea4c318f612660471190a39de64524
src/ai/image/ImagePromptBuilder.ts,a6cbc64de4f7da7844b653e16970d2176d694bc37d6791f248bdaf889552654f
src/ai/image/ImageGenerationOrchestrator.ts,2f037cdb40c5d9533e178add67157eac075d5b2a6adcdb4d4450b4653c095364
src/ai/image/types.ts,d5c9ae5d2d8da4845e830a17bf9784b282f2dbe8a5e7683edb0fcfe4678f6851
src/ai/image/index.ts,d91ca27841352ec09d19faec75dc4f28829dafcf8e1ae9b2470c262961695358
src/ai/image/styles/StyleBucketConfig.ts,afe78700611bba5390eb6718a2b8c24bea75f472264eb6a0426592b913bfe1e9
src/ai/image/styles/styleBuckets.ts,c5ed00e5f8f0f076b8d9ffadc57d211ac5030a18803497a5fb5f338597d1dc13
src/ai/image/styles/index.ts,b9560fe0144b67b14e59e58f6df3a1de67ac7a210d30ee996449cfaf1fec1dc9
src/ai/image/queue/ImageRequestQueue.ts,592251044fb2ca41bbc6f47930fe0cd328e284db26724931f378ad9740a5fc21
src/ai/image/queue/QueueStatus.ts,6e56b281216d1dc0a6bbf1cf6c0d8188fe7835d20e6ba501fc8bb81d4041b736
src/ai/image/queue/index.ts,10041a70b0241e24a24e69c7f33cf659834aa22e9dfdbd7c811428aecc12a8f5
src/ui/viewer/ImageViewer.ts,40327328f1e2c398a8930f2404eca4c39eb8d8f027c87fb9307eae3effb418f1
src/ui/viewer/index.ts,ac7c7dd8f8723eed61b643e22ab6e9a7b776b583d9eee07f5b28f82f1df02b5d
src/ui/viewer/RegenButton.ts,d7377d1ec397848b25895a1342167d4ed7ffed480c80e900d198df172109c813
src/ui/viewer/VariationOptions.ts,ad0db7f008049e3cbce99f40471ba4901047bcf2266a9be10d53dacedc8a071c
src/ui/viewer/viewerControlsIndex.ts,0b36e73b3e48cbb1dbf48413badcb693402b97d3c988cead44f21a43d2085816
src/social/friends/FriendSearchEngine.ts,070b9aa98b4851ecdf8483212e5f25d79d588d80ee6a62a0168b8d675d24d470
src/social/friends/FriendAPI.ts,a20d9aaa13db6c597db3e15cf8b68d0e4ad69ca2b44fc9ca3262ce8bc09cdc7a
src/social/friends/FriendModel.ts,88ffc81fb2a3b61ed7ce13285c74c3fc96f8778557cbd527195e3456b727858a
src/social/friends/index.ts,8e39b08e741a62a8369bf111841c26ffd81ddb9b579707441a339dcc3c3f018b
src/social/sharing/DreamShareModel.ts,4c154c8d176e8e9f75ab05cf3a11f712d9deba9792e4f3929c6f616257d2b16a
src/social/sharing/DreamShareEngine.ts,c0a9271790431d90265ed957b2d5a7a0c987ec8c0e475915e61e4f1f95fdd2a7
src/social/sharing/DreamShareAPI.ts,34570916e936308dce704833105287cfdbe6b9d7922f5513f917f4c632c27786
src/social/sharing/index.ts,4422396ed3ba3d619b7a5560bfc0ac4f88fb79016d505735311be20f283cb01a
src/social/engagement/EngagementModel.ts,c35bf8873f4351e366aa58b2ae454aefc6eae6dd3672d5c13ac4256663dd6108
src/social/engagement/EngagementEngine.ts,431863f472046259ba753df8820ef1e9ab4615921e271d6e28ac26d5e8f1c412
src/social/engagement/EngagementAPI.ts,69d24722d47a271f2b4587f3dc071a048d1501debea4ec3f4ffb6e0c2b7c6c03
src/social/engagement/index.ts,dee9da79659f2ce8bc257c1b141b3ca4860e63e76401f2fe73b4cf90b6f2f198
src/social/feed/FeedModel.ts,0469b636cdb2d68f2ca2c8a42f75fa4dbb28f787291afb5858c7c722abd93b71
src/social/feed/FeedEngine.ts,dbe57578657c845a038b0d1376ae1bf0180fc5702a44901c8522302adebeee93
src/social/feed/FeedAPI.ts,2185f2d164125bc9505ad74fdb83aaa3f895ff30b58459aa68aa653ec1dcb411
src/social/feed/index.ts,1ac8b78b49bcd2723556844930adae77b2d363ec1345eebc7457e751aad987e8
src/pwa/notifications/NotificationService.ts,19b6789962a6353a1316d7e3cded6ae57e1771a317c80c84182bb1ae6ec7ee74
src/pwa/notifications/PermissionManager.ts,24cbf64cc73a949c05c75b77f8d5aeb853ec5c9f0e777453adf4f40362374119
src/pwa/notifications/SubscriptionAPI.ts,d32c3b8fb79e439b069123d19106f5c17d12af2ff950aa0367c387a8404e3603
src/pwa/notifications/index.ts,3d8abfb0a3543eb3125ddaabfddd487d611b929d5b257efc1ef3bc1b17c95a8f
src/pwa/background/SyncEngine.ts,f267c0b3aba08a74b00eec7e424247f7d94eea31d9bd14f237015e3afac485af
src/pwa/background/SyncAPI.ts,f344b7682afb740ccaf49052482907f88b31fa05b949679ba4de89df56678967
src/pwa/background/index.ts,1facbe16a88029a129bb713ae97e89d19d174dc5fab9e0ff29b5ade45a1a1238
src/pwa/offline/OfflineCacheEngine.ts,3a385646d523d293defe325aed934ff5047339bdc031dfa156b969da493f6bc6
src/pwa/offline/OfflineAPI.ts,12c0daa178c68a74a9063a5400cc146af8b168cee59566906896567f2b00ba5e
src/pwa/offline/index.ts,80de89d4a6f706a15e1d873cdca075f49750b98f2277733eca6fed4eaa6d9b21
src/pwa/install/InstallPromptManager.ts,b3b8786b6fe81dd57485d4838a0ef7e05f97ac34c7a58c6824cb2ea19901c907
src/pwa/install/index.ts,34e80ba2b1e9ccce82367027b224429be26d0c0aa487cdccaf7f9a64c0b7b351
src/ai/transcript/SummaryEngine.ts,ac3febde4674aa96ad2704e141b32d5e0f8c5d347a8f5670b253125ffb60c4af
src/ai/transcript/SummaryAPI.ts,68a79a6f406c4e33c5ffa887b8a6b2f4aa29a6dbd317e8cc3856ab34f93ad626
src/ai/transcript/index.ts,ad02521c0e4532814ecce0d550ac96b309c6456d9c42ab4b78e888e3304de6d3
src/ai/transcript/TagEngine.ts,e795faea25b8604e4096513d768e952f3a8877c946cf8dc752be4563b8addafb
src/ai/transcript/MoodEngine.ts,64fa5038bd0c4d12e1d3c9438e4aa2eeb3adb126eca5d123d6cf5cfabb644617
src/ai/transcript/CategoryEngine.ts,f0a32b9401d9e16f21dc2e54944783f6389109dbccdd62409c787ecaeef9a2e0
src/ai/transcript/TagAPI.ts,39aae7a5d18e16d5c6625e91fffb6e8af801e24f82aa7af8e1962790fdf12269
src/ai/transcript/MoodAPI.ts,8a74772d0aac298ee93cd4c83a6ffe390599a3a4b9f671f0704b5db0969a7c78
src/ai/transcript/CategoryAPI.ts,a7d9d14bb251cbb00b353469c034a5523927578f287a562ddd94bbea601972a0
src/ai/transcript/index-tags.ts,83ccbbe396a7aebdab7757acb71275f0c4f5580d52406abbc4fdd014454d3f5e
src/ai/transcript/MeaningEngine.ts,5df77b8e7fc63320fba06b455b15666ca6ed9c022ea6d8e458dc3288a1c52027
src/ai/transcript/MeaningAPI.ts,1e156ce68fa957ddf5a212096c84f619ef0d87ceb4fb74f7b73a3a53b88fd82c
src/ai/transcript/index-meaning.ts,a0f43c8bd9e355acb2f55dc8e6ed2093a7b0929a4452cdccabec033eb4279f92
src/ai/transcript/TranscriptOrchestrator.ts,7860f079fde92b82e85f0c10e00784b28e0c907f3f1b80c907167a260dd2bc30
src/ai/transcript/TranscriptAPI.ts,48a307a529d9beb88666eaadad83a38e2ba9909e67314dce0304386983b431ff
src/ai/transcript/index-orchestrator.ts,82e4059ac8788ec8839d946bf21298191911cd3161e1ca6951f12b3502cd4b2c
src/server/supabaseClient.ts,01ede6be63b0cbd83535398d9b5c8136f2fb57bbb701ec6724c5d85042506124
src/audio/sync/NetworkAwareUploadSystem.ts,d736f3836d4bbc57286a1d982846c5e3a3e86c3f01768ce1e4e48bfa9bc7eb23
src/audio/chunks/ChunkRegistry.ts,1bbbc005aad59ea9b3e7c4725a09e75a57471abf9b05bf2cdc77aeeb088e16fd
src/runtime/RuntimeContextFixNote.md,06367d3c14aa396b81bbabcb19fbaa1f40510c7f14de9857f650bd16aa3ca0bb
src/stats/StatsEngine.ts,b4d131315971ce1b4fb702d13842f24e3fc16947b9523d3d923f969cb2f79e9b
src/stats/StatsAPI.ts,03fc7ca6e0c23d93d4098e696a7bc289e76176204183920e0dff14c84fe2b62c
src/ui/dashboard/StatsPanel.tsx,0f4408c80531af6a8a38c311c35731e277ca0167a973559d109c748e905b0ed9
src/streaks/StreakEngine.ts,7d7525988eac04152ff41a886dc51282fb5c6f6b6283dee4c245a95b8c17704d
src/streaks/StreakAPI.ts,ba261b746a4b387cc2981a39f3adc7e74077a7a927fa1fe08012488e80e99bb0
src/ui/dashboard/StreakWidget.tsx,4edab45af43afaf8e179edbc6aab418b60a3ac9dc091308bcda33c0dd690fff9
src/patterns/PatternEngine.ts,d4d01991fd060958176b27640f274e7d2cfdf073c8479215c08837f6ea90c6b3
src/patterns/PatternAPI.ts,c88b1337383d0bf35aed9c425bc839f6f0ab181b1571a7eda441435a47945528
src/ui/dashboard/PatternPanel.tsx,8d1ca9e67666c50e408280d53d118cb37dfdae87eac316e6468c0aa1b370015c
src/ui/alignment/AlignmentPassNote.md,5853fc95676c1da12cfc4c0ef5b4e4596820b91e7e09604fe409b7771db3a811
src/ui/alignment/SpacingTokenSpec.md,f5cea89defd46a8cc05d5d96254ca0bbae1439e09644f4f2d5b5f46d9b79b2b3
src/ui/alignment/SpacingTokens.css,4d1424112747ceb515b39ab69ca78cc0c600d206c8e9e70a998ace25bce3b0cc
src/ui/alignment/AlignmentImplementationNote.md,f7d284723a4fce7fca6445751c329b41cb7230be8e1cdf6f7f9ac15defc3f903
src/ui/alignment/ShelterZones.css,69c9480681720a1c9e7038686b4dec21b82ae12c41c489ad059663467b73fd4e
src/ui/alignment/ShelterZonesNote.md,832f34b024b418f0437d9619dea7246bb695909f0e5a25d9f3d65a070f73ed9b
src/ui/friction/friction.js,8192b48d77dbd71a934aa6d480304f1aa3f7670619ab4c6eb2711b7bb589ea48
src/ui/friction/physics.js,6de05f17a5e6132bd830cea1e55a30c5cfc3eb592375d6ba64cce674baf24ff6
src/ui/friction/FrictionNote.md,3662d3ca4f510e9ee6c1c544195ce80c5c3d35130fe9c86d86bbff6a622a4d1b
src/ui/modals/InteractionGrammar.md,c5ce08245e43a4cee9e0908c092279253061179b439dcd730a095f05154820af
src/ui/modals/ModalGrammar.js,a8da21437ccf8ef2cb790204a99962d61a7c9d3a72a4d2781241c18f4d64a607
src/ui/theme/ThemePolish.css,02c00281cf46d2467e13614da2fe817a9d265bafb8398524deba22f48f48e807
src/ui/theme/ThemePolishNote.md,dbf608a27aae9969370c9597e00fec5f65f04b0b872c4eae08b146be1e8293f9
src/styles/MigrationNote.md,ebe6d21883a9586e4d8ec095758309d10965ed0802b5b8d6edd17e855c703f1d
src/performance/C26_0_LighthouseNote.md,2bd6d89f675790a0f7368ed3741cdee8b5420d31771e2bc528f849a197d23154
src/performance/C26_1_Note.md,0df1d7b91261baaccd6929de563a2192554bf90f2f4faec2735f6c451edee8e9
src/performance/C26_1_BuildSizeAudit.md,56752792cf7afa763bc107a91ae1797ace3ba8cb700568dfd24f2fdace495c93
src/performance/buildsize/AuditFolder.README,a97444a88c705eff4d86fd640d5211fec68060fd03a344446b15a8a9f8592dd1
src/performance/logging/StructuredLogging.js,2330aa02fe321e9ba6b373583866079f358faa8c61017c27839f769ffebb248f
src/performance/C26_2_Note.md,3342619cc065116b6fd565b8fd7a2b76b77118b539f1d6703100cbfab9ce96f9
src/performance/C26_3_Note.md,5c4a2a277f2c42cd69df4a15208d64694da4690987b64750083a048c542ae314
src/performance/supabase/RLS_Policy_Review.md,f1842084de41827e959f4bae5228cacc07c283ee957d2ef8802bd17e58c776e4
src/performance/supabase/PrivacyLevelMatrix.md,9fd535851aae2bba1b211b74344805c025e2ebec7fbd092d0a3503d8f9680010
src/performance/supabase/StorageAudit.md,58ff1ff1bdbe0517f858e8272b665a38f56262bec0a44bc5242e81015203f412
src/performance/supabase/WriteScopeChecklist.md,e59ae15e65dab132f659d2c43f7314d88e2cd5df29549ca5f735c9d08d685240
src/performance/supabase/OrphanRecordPrevention.md,fdbdb4c6948bea3afa2a738bdfc083a805d3553476a172d47e4d91dc99d26f6c
src/performance/supabase/RateLimitAudit.md,977638b4f079ecc92b15b70c05a3c53a0420602472b4dbe75226ed24d19c2dc7
src/performance/C26_4_ReleaseCandidate.md,29fbc41b015608ddcd1c2b7633711b91825f94ad82713eda88237d87a9f3550c
src/tokens/C27_0_Note.md,c17029270c12886c17013e8a94719fc639c7b5b6491c2bb9f60fb102b606315b
src/tokens/C27_0_Init.md,bab645fb00d40dd4defa948ccc9ecc66d7fd2917ee9ad22175aa3e78e04fc2c3
src/tokens/TokensMigrationPlan.md,ab26bdea7cf293f17d3697bf57affbea3cf6dd3553a6e63742ef0a765c3c0782
src/tokens/TokenAudit.README,5f311fe3f7ff6bae7dfe3e18a19fde07f3e89f302db6ec46f75eb3b0f08a0ab9
src/tokens/C27_1_2_Note.md,ba1b496b4d336718853b5ea2c19f1679f852ba483007a0aa7fcc962d1bf09ca8
src/tokens/C27_2_Note.md,e4081035b112049bb4b6b207132db0308788d8ae529594dbdfa5407cd1f1da95
src/tokens/C27_3_Note.md,d8dafd0c0f127a0c6697ed35c7e1c62ebe2e2140fdc909b5defa441b4c1261b6
src/tokens/C27_4_Note.md,cc3a5a8b4573ea99bf392f2d714f76a5073b66a38deff814f800415e6b9083a9
src/tokens/C27_5_Note.md,29a169d1e202d0b5cf3603ce07ee4876c062859eb55982a1d969e54a708f879f
src/styles/components/C27_5_ComponentNormalization.md,923bb8b8c3388aa54b1bf5c3b2ac4acbc11df78a3e23d80d325e8e2cd02f2b96
src/performance/rc/C26_4_1_Note.md,193d6a9cd59656af616ffc0c3df18d5ed33cf53f0a8afa2bb9df9356966c5e5f
src/performance/rc/C26_4_1_SW_Validation.md,ffe94bf081ab77a2513a26b0d758f25fc4e774fe6d768638062b066080fd19ab
src/performance/rc/C26_4_1_BundleAudit.md,34cbaa31f6a93336e7bf978b25bd1234ed2fffd33fefab855ffe0eac404dd6b5
src/performance/rc/C26_4_2_Note.md,7f8a17edd0dfc34006181ad5b6d529621bede581084aaac63629ea7e18891824
src/performance/rc/C26_4_2_DependencyFreeze.md,1dd0c13d1063c698298b8be13ec5e204b970a2bed1460daa7075c79a077648a9
src/performance/rc/C26_4_2_SupplyChainReview.md,d4fdc38ec4aea8037142952f0d0f4229e595d1a8ba3dc13fc003a8ffb67e9ebd